{
  "workspaceLayout": {
    "appsDir": "apps",
    "libsDir": "libs"
  },
  "$schema": "./node_modules/nx/schemas/nx-schema.json",
  "defaultBase": "master",
  "namedInputs": {
    "default": ["{projectRoot}/**/*", "sharedGlobals"],
    "production": [
      "default",
      "!{projectRoot}/.eslintrc.json",
      "!{projectRoot}/eslint.config.mjs",
      "!{projectRoot}/**/?(*.)+(spec|test).[jt]s?(x)?(.snap)",
      "!{projectRoot}/tsconfig.spec.json",
      "!{projectRoot}/jest.config.[jt]s",
      "!{projectRoot}/src/test-setup.[jt]s",
      "!{projectRoot}/test-setup.[jt]s"
    ],
    "sharedGlobals": ["{workspaceRoot}/.github/workflows/ci.yml"]
  },
  "targetDependencies": {
    "build": [
      {
        "target": "build",
        "projects": "dependencies"
      }
    ]
  },
  "nxCloudId": "6814ccfb48cd964236cf34e1",
  "targetDefaults": {
    "@angular-devkit/build-angular:application": {
      "cache": true,
      "dependsOn": ["^build"],
      "inputs": ["production", "^production"]
    },
    "@nx/eslint:lint": {
      "cache": true,
      "inputs": [
        "default",
        "{workspaceRoot}/.eslintrc.json",
        "{workspaceRoot}/.eslintignore",
        "{workspaceRoot}/eslint.config.mjs"
      ]
    },
    "@nx/jest:jest": {
      "cache": true,
      "inputs": ["default", "^production", "{workspaceRoot}/jest.preset.js"],
      "options": {
        "passWithNoTests": true
      },
      "configurations": {
        "ci": {
          "ci": true,
          "codeCoverage": true
        }
      }
    },
    "e2e-ci--**/**": {
      "dependsOn": ["^build"]
    },
    "@nx/angular:ng-packagr-lite": {
      "cache": true,
      "dependsOn": ["^build"],
      "inputs": ["production", "^production"]
    }
  },
  "plugins": [
    {
      "plugin": "@nx/playwright/plugin",
      "options": {
        "targetName": "e2e"
      }
    },
    {
      "plugin": "@nx/eslint/plugin",
      "options": {
        "targetName": "lint"
      }
    }
  ],
  "generators": {
    "@nx/angular:application": {
      "e2eTestRunner": "playwright",
      "linter": "eslint",
      "style": "css",
      "unitTestRunner": "jest"
    },
    "@nx/angular:library": {
      "linter": "eslint",
      "unitTestRunner": "jest"
    },
    "@nx/angular:component": {
      "style": "css"
    }
  },
  "tags": [
    "type:ui",
    "type:feature",
    "type:shared",
    "domain:auth",
    "domain:dashboard"
  ],
  "dependencyConstraints": [
    {
      "sourceTag": "domain:auth",
      "onlyDependsOnLibsWithTags": ["domain:auth", "type:shared"]
    },
    {
      "sourceTag": "domain:dashboard",
      "onlyDependsOnLibsWithTags": ["domain:dashboard", "type:shared"]
    },
    {
      "sourceTag": "type:feature",
      "onlyDependsOnLibsWithTags": ["type:feature", "type:shared"]
    },
    {
      "sourceTag": "type:ui",
      "onlyDependsOnLibsWithTags": ["type:ui", "type:shared"]
    },
    {
      "sourceTag": "*",
      "notDependsOnLibsWithTags": ["domain:auth", "domain:dashboard"],
      "onlyDependsOnLibsWithTags": [
        "*",
        "!domain:auth",
        "!domain:dashboard",
        "type:shared"
      ]
    }
  ]
}
